Training loss,Validation loss,Accuracy,Precision,Recall,F1-score,CSI-score
0.2080472356305932,0.1704685091972351,0.9290220982142857,0.6045318267743285,0.15588188088911256,0.2332071912309399,0.13829433629843357
0.16156632256395412,0.16017211973667145,0.9326558928571429,0.5594703862703303,0.4031245239357018,0.45706399472511683,0.30380073097428795
0.15280360152136604,0.16241876780986786,0.9299693392857142,0.5261153855947733,0.5513412091373976,0.5350462524299004,0.36891981018685904
0.14881840910551683,0.14529003202915192,0.9343576964285714,0.575162064074914,0.4188345761617731,0.48367226829173066,0.32249180081539486
